guide_sequence,chromosome,start,end,strand,pam,gene
GACCGTCTTAGTCTCTGTAT,CP000712.1,3295389,3295409,+,AGG,cymC
GACTGCTTGAATCCTCCAAA,CP000712.1,3295450,3295470,+,TGG,cymC
AATCCTCCAAATGGTGCAGC,CP000712.1,3295459,3295479,+,TGG,cymC
ACACCGAACCCGCCTGCAAG,CP000712.1,3295508,3295528,+,CGG,cymC
CCTGCAAGCGGTGCGCGACC,CP000712.1,3295520,3295540,+,CGG,cymC
GCAAGCGGTGCGCGACCCGG,CP000712.1,3295523,3295543,+,TGG,cymC
CAAGCGGTGCGCGACCCGGT,CP000712.1,3295524,3295544,+,GGG,cymC
GATGTCCCGCGTCCAAATAT,CP000712.1,3295554,3295574,+,TGG,cymC
GTCCCGCGTCCAAATATTGG,CP000712.1,3295557,3295577,+,CGG,cymC
CAAGCCATAAGCTGTGTCGT,CP000712.1,3295581,3295601,+,TGG,cymC
AAGCTGTGTCGTTGGCCATC,CP000712.1,3295589,3295609,+,CGG,cymC
GTTGGCCATCCGGATCGCCT,CP000712.1,3295599,3295619,+,CGG,cymC
CCTCGGCTTCATCTTTAAAT,CP000712.1,3295616,3295636,+,CGG,cymC
AATCGGATGACACTGACTAC,CP000712.1,3295633,3295653,+,AGG,cymC
TCTTGAGCGATCCGCATTGA,CP000712.1,3295669,3295689,+,TGG,cymC
CTTGAGCGATCCGCATTGAT,CP000712.1,3295670,3295690,+,GGG,cymC
TTGAGCGATCCGCATTGATG,CP000712.1,3295671,3295691,+,GGG,cymC
CCGCATTGATGGGGCTGCGT,CP000712.1,3295680,3295700,+,CGG,cymC
GGCTGCGTCGGCAAAAACAG,CP000712.1,3295692,3295712,+,TGG,cymC
GCTGCGTCGGCAAAAACAGT,CP000712.1,3295693,3295713,+,GGG,cymC
CGTCGGCAAAAACAGTGGGC,CP000712.1,3295697,3295717,+,TGG,cymC
CGGCAAAAACAGTGGGCTGG,CP000712.1,3295700,3295720,+,AGG,cymC
TGCTGTTTGCGAGACACCAA,CP000712.1,3295813,3295833,+,CGG,cymC
AACGGCCCCAACAGAGTGTC,CP000712.1,3295831,3295851,+,CGG,cymC
CCGCCACAGCTTCGACCACT,CP000712.1,3295892,3295912,+,TGG,cymC
CTTGGTCATACACGCTGTCC,CP000712.1,3295910,3295930,+,TGG,cymC
GTCCTGGACGAACAGCCGAC,CP000712.1,3295926,3295946,+,TGG,cymC
CTGGACGAACAGCCGACTGG,CP000712.1,3295929,3295949,+,CGG,cymC
GTGCAGCCCCCAGACCGACT,CP000712.1,3295988,3296008,+,TGG,cymC
GACTTGGTCCAGATCCGCGT,CP000712.1,3296004,3296024,+,CGG,cymC
GCGTCGGCAAATACGATGCT,CP000712.1,3296020,3296040,+,CGG,cymC
GCGATTTGCCGCCAAGCTCA,CP000712.1,3296042,3296062,+,AGG,cymC
CGATTTGCCGCCAAGCTCAA,CP000712.1,3296043,3296063,+,GGG,cymC
AACTACTGTCGAGCCTGTGA,CP000712.1,3296112,3296132,+,AGG,cymC
AAGGTGATCTTGTCGACCCC,CP000712.1,3296131,3296151,+,CGG,cymC
ACGATGTTGAGCGCGCCTTC,CP000712.1,3296197,3296217,+,TGG,cymC
CTTCTGGCAGCCCCGCCTCA,CP000712.1,3296213,3296233,+,AGG,cymC
CAAGGCACAGCTCTGCAAGC,CP000712.1,3296231,3296251,+,CGG,cymC
GCAAGCCGGAGAGTGCTCAG,CP000712.1,3296245,3296265,+,AGG,cymC
GCTCAGAGGCGTGAGTTCTG,CP000712.1,3296259,3296279,+,TGG,cymC
CTCAGAGGCGTGAGTTCTGT,CP000712.1,3296260,3296280,+,GGG,cymC
TTCTGTGGGCTTCAGCACCA,CP000712.1,3296274,3296294,+,TGG,cymC
CTTCAGCACCATGGTGCAGC,CP000712.1,3296283,3296303,+,CGG,cymC
TTCCACGAGCCCAGCGCAAG,CP000712.1,3296326,3296346,+,CGG,cymC
TCCACGAGCCCAGCGCAAGC,CP000712.1,3296327,3296347,+,GGG,cymC
AGCGCAAGCGGGTAGTTCCA,CP000712.1,3296338,3296358,+,AGG,cymC
CGGGTAGTTCCAAGGCGTAA,CP000712.1,3296346,3296366,+,TGG,cymC
ATGGCACCAACTACACCAAT,CP000712.1,3296365,3296385,+,CGG,cymC
CTACACCAATCGGCTCACGT,CP000712.1,3296375,3296395,+,CGG,cymC
TACACCAATCGGCTCACGTC,CP000712.1,3296376,3296396,+,GGG,cymC
AATCGGCTCACGTCGGGTAT,CP000712.1,3296382,3296402,+,AGG,cymC
GCTCACGTCGGGTATAGGTG,CP000712.1,3296387,3296407,+,TGG,cymC
TCACGCCCATCGAATGAAAT,CP000712.1,3296413,3296433,+,TGG,cymC
CGCCCATCGAATGAAATTGG,CP000712.1,3296416,3296436,+,AGG,cymC
GCCCATCGAATGAAATTGGA,CP000712.1,3296417,3296437,+,GGG,cymC
CCCATCGAATGAAATTGGAG,CP000712.1,3296418,3296438,+,GGG,cymC
AGGGGTCGTCCCTCCAAGTT,CP000712.1,3296436,3296456,+,TGG,cymC
AACACCAACCACCCATATAG,CP000712.1,3296459,3296479,+,CGG,cymC
CGGAAGACGTCGATTGTCGA,CP000712.1,3296479,3296499,+,AGG,cymC
AGACGTCGATTGTCGAAGGC,CP000712.1,3296483,3296503,+,AGG,cymC
GATTGTCGAAGGCAGGTCGA,CP000712.1,3296490,3296510,+,TGG,cymC
CGAAGGCAGGTCGATGGCCT,CP000712.1,3296496,3296516,+,TGG,cymC
GATGGCCTTGGCGAACGTCA,CP000712.1,3296508,3296528,+,AGG,cymC
GGCGAACGTCAAGGCCTTGC,CP000712.1,3296517,3296537,+,CGG,cymC
TCTTGCGTGCGACGTTCTCC,CP000712.1,3296585,3296605,+,AGG,cymC
AGGATCCGACCACGATCGAT,CP000712.1,3296605,3296625,+,CGG,cymC
GATCGGACGAATTTTCCGCC,CP000712.1,3296622,3296642,+,AGG,cymC
GGACGAATTTTCCGCCAGGC,CP000712.1,3296626,3296646,+,TGG,cymC
CTTCGTCGATATCTTCGTGT,CP000712.1,3296681,3296701,+,CGG,cymC
ATATCTTCGTGTCGGCCCTG,CP000712.1,3296689,3296709,+,CGG,cymC
CGTGTCGGCCCTGCGGAATA,CP000712.1,3296696,3296716,+,TGG,cymC
GTGTCGGCCCTGCGGAATAT,CP000712.1,3296697,3296717,+,GGG,cymC
AATATGGGCGATGATTTCCT,CP000712.1,3296712,3296732,+,CGG,cymC
GGCGATGATTTCCTCGGTAG,CP000712.1,3296718,3296738,+,CGG,cymC
GCGATGATTTCCTCGGTAGC,CP000712.1,3296719,3296739,+,GGG,cymC
AGCGGGATTTTCGACAGTAA,CP000712.1,3296736,3296756,+,TGG,cymC
TTCGACAGTAATGGTCTCGC,CP000712.1,3296745,3296765,+,CGG,cymC
CGCCGATAAGATTACGATTG,CP000712.1,3296789,3296809,+,CGG,cymC
AAGATTACGATTGCGGAACC,CP000712.1,3296796,3296816,+,CGG,cymC
TTACGATTGCGGAACCCGGC,CP000712.1,3296800,3296820,+,CGG,cymC
CGCTAGCTCGAAATTCAATG,CP000712.1,3296828,3296848,-,TGG,cymC
CTCGAAATTCAATGTGGATC,CP000712.1,3296822,3296842,-,CGG,cymC
AAATTCAATGTGGATCCGGC,CP000712.1,3296818,3296838,-,CGG,cymC
AATTCAATGTGGATCCGGCC,CP000712.1,3296817,3296837,-,GGG,cymC
TTCCGCAATCGTAATCTTAT,CP000712.1,3296794,3296814,-,CGG,cymC
CGCAATCGTAATCTTATCGG,CP000712.1,3296791,3296811,-,CGG,cymC
GCAATCGTAATCTTATCGGC,CP000712.1,3296790,3296810,-,GGG,cymC
GTAATCTTATCGGCGGGCAG,CP000712.1,3296784,3296804,-,TGG,cymC
TCTTATCGGCGGGCAGTGGA,CP000712.1,3296780,3296800,-,AGG,cymC
CTTATCGGCGGGCAGTGGAA,CP000712.1,3296779,3296799,-,GGG,cymC
CAGTGGAAGGGCTCGATTTC,CP000712.1,3296767,3296787,-,CGG,cymC
TGTCGAAAATCCCGCTACCG,CP000712.1,3296732,3296752,-,AGG,cymC
AATCATCGCCCATATTCCGC,CP000712.1,3296708,3296728,-,AGG,cymC
ATCATCGCCCATATTCCGCA,CP000712.1,3296707,3296727,-,GGG,cymC
ACACGAAGATATCGACGAAG,CP000712.1,3296681,3296701,-,CGG,cymC
AAGATATCGACGAAGCGGTA,CP000712.1,3296676,3296696,-,CGG,cymC
AGATATCGACGAAGCGGTAC,CP000712.1,3296675,3296695,-,GGG,cymC
CTACATTCGAGTCGCCAGCC,CP000712.1,3296643,3296663,-,TGG,cymC
CATTCGAGTCGCCAGCCTGG,CP000712.1,3296640,3296660,-,CGG,cymC
AAAATTCGTCCGATCGATCG,CP000712.1,3296617,3296637,-,TGG,cymC
TTCGTCCGATCGATCGTGGT,CP000712.1,3296613,3296633,-,CGG,cymC
GATCGATCGTGGTCGGATCC,CP000712.1,3296606,3296626,-,TGG,cymC
TGAAGAGCATGCTGACGAAT,CP000712.1,3296564,3296584,-,TGG,cymC
TGCTGACGAATTGGCGTATC,CP000712.1,3296555,3296575,-,TGG,cymC
ATTGGCGTATCTGGAGTCAC,CP000712.1,3296546,3296566,-,TGG,cymC
TATCTGGAGTCACTGGATAC,CP000712.1,3296539,3296559,-,CGG,cymC
GGAGTCACTGGATACCGGCA,CP000712.1,3296534,3296554,-,AGG,cymC
CAAGGCCTTGACGTTCGCCA,CP000712.1,3296516,3296536,-,AGG,cymC
AATCGACGTCTTCCGCTATA,CP000712.1,3296474,3296494,-,TGG,cymC
ATCGACGTCTTCCGCTATAT,CP000712.1,3296473,3296493,-,GGG,cymC
GACGTCTTCCGCTATATGGG,CP000712.1,3296470,3296490,-,TGG,cymC
TCTTCCGCTATATGGGTGGT,CP000712.1,3296466,3296486,-,TGG,cymC
GGTGGTTGGTGTTCCAAACT,CP000712.1,3296452,3296472,-,TGG,cymC
GGTTGGTGTTCCAAACTTGG,CP000712.1,3296449,3296469,-,AGG,cymC
GTTGGTGTTCCAAACTTGGA,CP000712.1,3296448,3296468,-,GGG,cymC
ACCCCTCCAATTTCATTCGA,CP000712.1,3296422,3296442,-,TGG,cymC
CCCCTCCAATTTCATTCGAT,CP000712.1,3296421,3296441,-,GGG,cymC
TATACCCGACGTGAGCCGAT,CP000712.1,3296383,3296403,-,TGG,cymC
CGTGAGCCGATTGGTGTAGT,CP000712.1,3296374,3296394,-,TGG,cymC
TAGTTGGTGCCATTACGCCT,CP000712.1,3296358,3296378,-,TGG,cymC
TTGGAACTACCCGCTTGCGC,CP000712.1,3296339,3296359,-,TGG,cymC
TGGAACTACCCGCTTGCGCT,CP000712.1,3296338,3296358,-,GGG,cymC
ACCCGCTTGCGCTGGGCTCG,CP000712.1,3296331,3296351,-,TGG,cymC
GGGCTCGTGGAAGATCGCTT,CP000712.1,3296318,3296338,-,CGG,cymC
GTGGAAGATCGCTTCGGCGC,CP000712.1,3296312,3296332,-,TGG,cymC
ATCGCTTCGGCGCTGGCTGC,CP000712.1,3296305,3296325,-,CGG,cymC
GCTGGCTGCCGGCTGCACCA,CP000712.1,3296294,3296314,-,TGG,cymC
TCACGCCTCTGAGCACTCTC,CP000712.1,3296253,3296273,-,CGG,cymC
GCTTGCAGAGCTGTGCCTTG,CP000712.1,3296231,3296251,-,AGG,cymC
TGCAGAGCTGTGCCTTGAGG,CP000712.1,3296228,3296248,-,CGG,cymC
GCAGAGCTGTGCCTTGAGGC,CP000712.1,3296227,3296247,-,GGG,cymC
CAGAGCTGTGCCTTGAGGCG,CP000712.1,3296226,3296246,-,GGG,cymC
CTTGAGGCGGGGCTGCCAGA,CP000712.1,3296215,3296235,-,AGG,cymC
GGCGCGCTCAACATCGTCAA,CP000712.1,3296194,3296214,-,TGG,cymC
CTCAACATCGTCAATGGTCA,CP000712.1,3296188,3296208,-,TGG,cymC
TCAACATCGTCAATGGTCAT,CP000712.1,3296187,3296207,-,GGG,cymC
CAATGGTCATGGGCACGAAG,CP000712.1,3296177,3296197,-,CGG,cymC
AATGGTCATGGGCACGAAGC,CP000712.1,3296176,3296196,-,GGG,cymC
GCACGAAGCGGGCGAAGCGT,CP000712.1,3296165,3296185,-,TGG,cymC
CGAAGCGTTGGCGCGTCATC,CP000712.1,3296153,3296173,-,CGG,cymC
GAAGCGTTGGCGCGTCATCC,CP000712.1,3296152,3296172,-,GGG,cymC
AAGCGTTGGCGCGTCATCCG,CP000712.1,3296151,3296171,-,GGG,cymC
AGCGTTGGCGCGTCATCCGG,CP000712.1,3296150,3296170,-,GGG,cymC
GTCGACAAGATCACCTTCAC,CP000712.1,3296128,3296148,-,AGG,cymC
TTCACAGGCTCGACAGTAGT,CP000712.1,3296113,3296133,-,TGG,cymC
GAAGATTGTCGAGTACGCGC,CP000712.1,3296087,3296107,-,TGG,cymC
AAGATTGTCGAGTACGCGCT,CP000712.1,3296086,3296106,-,GGG,cymC
AAGCGTGTCACCCTTGAGCT,CP000712.1,3296056,3296076,-,TGG,cymC
CGTGTCACCCTTGAGCTTGG,CP000712.1,3296053,3296073,-,CGG,cymC
GAGCATCGTATTTGCCGACG,CP000712.1,3296021,3296041,-,CGG,cymC
CGTATTTGCCGACGCGGATC,CP000712.1,3296015,3296035,-,TGG,cymC
GACGCGGATCTGGACCAAGT,CP000712.1,3296005,3296025,-,CGG,cymC
GGATCTGGACCAAGTCGGTC,CP000712.1,3296000,3296020,-,TGG,cymC
GATCTGGACCAAGTCGGTCT,CP000712.1,3295999,3296019,-,GGG,cymC
ATCTGGACCAAGTCGGTCTG,CP000712.1,3295998,3296018,-,GGG,cymC
TCTGGACCAAGTCGGTCTGG,CP000712.1,3295997,3296017,-,GGG,cymC
ACTCGCAGTCTTCTTCAACT,CP000712.1,3295970,3295990,-,CGG,cymC
CTCGCAGTCTTCTTCAACTC,CP000712.1,3295969,3295989,-,GGG,cymC
AGATCTGTTTCGCCGCCAGT,CP000712.1,3295944,3295964,-,CGG,cymC
CGCCAGTCGGCTGTTCGTCC,CP000712.1,3295931,3295951,-,AGG,cymC
GGACAGCGTGTATGACCAAG,CP000712.1,3295910,3295930,-,TGG,cymC
TGACCAAGTGGTCGAAGCTG,CP000712.1,3295898,3295918,-,TGG,cymC
CCAAGTGGTCGAAGCTGTGG,CP000712.1,3295895,3295915,-,CGG,cymC
AGTGGTCGAAGCTGTGGCGG,CP000712.1,3295892,3295912,-,CGG,cymC
GGTCGAAGCTGTGGCGGCGG,CP000712.1,3295889,3295909,-,CGG,cymC
CGAAGCTGTGGCGGCGGCGG,CP000712.1,3295886,3295906,-,CGG,cymC
GGCGGCGGCGGCACAGTTCA,CP000712.1,3295874,3295894,-,AGG,cymC
GCGGCGGCACAGTTCAAGGT,CP000712.1,3295870,3295890,-,CGG,cymC
GCACAGTTCAAGGTCGGCAA,CP000712.1,3295864,3295884,-,TGG,cymC
GTTCAAGGTCGGCAATGGCT,CP000712.1,3295859,3295879,-,TGG,cymC
GGTCGGCAATGGCTTGGATC,CP000712.1,3295853,3295873,-,CGG,cymC
CTTGGATCCGGACACTCTGT,CP000712.1,3295841,3295861,-,TGG,cymC
TTGGATCCGGACACTCTGTT,CP000712.1,3295840,3295860,-,GGG,cymC
TGGATCCGGACACTCTGTTG,CP000712.1,3295839,3295859,-,GGG,cymC
GGACACTCTGTTGGGGCCGT,CP000712.1,3295832,3295852,-,TGG,cymC
TGTCTCGCAAACAGCAAGAG,CP000712.1,3295809,3295829,-,CGG,cymC
GTCTCGCAAACAGCAAGAGC,CP000712.1,3295808,3295828,-,GGG,cymC
CAAACAGCAAGAGCGGGTGA,CP000712.1,3295802,3295822,-,TGG,cymC
AAACAGCAAGAGCGGGTGAT,CP000712.1,3295801,3295821,-,GGG,cymC
GTGATGGGCTATGTGCAGTC,CP000712.1,3295786,3295806,-,TGG,cymC
TGATGGGCTATGTGCAGTCT,CP000712.1,3295785,3295805,-,GGG,cymC
TGTGCAGTCTGGGATAGAGC,CP000712.1,3295775,3295795,-,AGG,cymC
GTGCAGTCTGGGATAGAGCA,CP000712.1,3295774,3295794,-,GGG,cymC
CTGGGATAGAGCAGGGCGCA,CP000712.1,3295767,3295787,-,AGG,cymC
GATAGAGCAGGGCGCAAGGC,CP000712.1,3295763,3295783,-,TGG,cymC
CAGGGCGCAAGGCTGGTCTG,CP000712.1,3295756,3295776,-,TGG,cymC
GGCGCAAGGCTGGTCTGTGG,CP000712.1,3295753,3295773,-,CGG,cymC
GCGCAAGGCTGGTCTGTGGC,CP000712.1,3295752,3295772,-,GGG,cymC
GTCTGTGGCGGGAAGTCAGT,CP000712.1,3295741,3295761,-,CGG,cymC
GGGAAGTCAGTCGGAGAGAA,CP000712.1,3295732,3295752,-,AGG,cymC
CCGACGCAGCCCCATCAATG,CP000712.1,3295683,3295703,-,CGG,cymC
ATCGCTCAAGAAGAGATTTT,CP000712.1,3295660,3295680,-,CGG,cymC
TCGCTCAAGAAGAGATTTTC,CP000712.1,3295659,3295679,-,GGG,cymC
CCGATTTAAAGATGAAGCCG,CP000712.1,3295619,3295639,-,AGG,cymC
AAGATGAAGCCGAGGCGATC,CP000712.1,3295611,3295631,-,CGG,cymC
TGAAGCCGAGGCGATCCGGA,CP000712.1,3295607,3295627,-,TGG,cymC
ATGGCCAACGACACAGCTTA,CP000712.1,3295588,3295608,-,TGG,cymC
CAACGACACAGCTTATGGCT,CP000712.1,3295583,3295603,-,TGG,cymC
ATGGCTTGGCCGCCAATATT,CP000712.1,3295569,3295589,-,TGG,cymC
TGGCCGCCAATATTTGGACG,CP000712.1,3295563,3295583,-,CGG,cymC
GGCCGCCAATATTTGGACGC,CP000712.1,3295562,3295582,-,GGG,cymC
TTGGACGCGGGACATCAAGA,CP000712.1,3295550,3295570,-,AGG,cymC
GGGACATCAAGAAGGCCCAC,CP000712.1,3295542,3295562,-,CGG,cymC
GGACATCAAGAAGGCCCACC,CP000712.1,3295541,3295561,-,GGG,cymC
CCGGGTCGCGCACCGCTTGC,CP000712.1,3295523,3295543,-,AGG,cymC
GGTCGCGCACCGCTTGCAGG,CP000712.1,3295520,3295540,-,CGG,cymC
GTCGCGCACCGCTTGCAGGC,CP000712.1,3295519,3295539,-,GGG,cymC
GCACCGCTTGCAGGCGGGTT,CP000712.1,3295514,3295534,-,CGG,cymC
GCTTGCAGGCGGGTTCGGTG,CP000712.1,3295509,3295529,-,TGG,cymC
TCGGTGTGGATCAACTGTCA,CP000712.1,3295495,3295515,-,CGG,cymC
ATCGATCCAGCTGCACCATT,CP000712.1,3295468,3295488,-,TGG,cymC
GATCCAGCTGCACCATTTGG,CP000712.1,3295465,3295485,-,AGG,cymC
TTTGGAGGATTCAAGCAGTC,CP000712.1,3295450,3295470,-,AGG,cymC
GAGGATTCAAGCAGTCAGGC,CP000712.1,3295446,3295466,-,TGG,cymC
AGGATTCAAGCAGTCAGGCT,CP000712.1,3295445,3295465,-,GGG,cymC
GGATTCAAGCAGTCAGGCTG,CP000712.1,3295444,3295464,-,GGG,cymC
GATTCAAGCAGTCAGGCTGG,CP000712.1,3295443,3295463,-,GGG,cymC
GCAGTCAGGCTGGGGGCGCG,CP000712.1,3295436,3295456,-,AGG,cymC
AGGCTGGGGGCGCGAGGTCT,CP000712.1,3295430,3295450,-,CGG,cymC
CTGGGGGCGCGAGGTCTCGG,CP000712.1,3295427,3295447,-,AGG,cymC
GGGCGCGAGGTCTCGGAGGA,CP000712.1,3295423,3295443,-,AGG,cymC
GGCGCGAGGTCTCGGAGGAA,CP000712.1,3295422,3295442,-,GGG,cymC
TGCCTATACAGAGACTAAGA,CP000712.1,3295394,3295414,-,CGG,cymC
