rank,guide_sequence,chromosome,start,end,strand,pam,gene,id,specificity,rs3_Hsu2013,rs3_Chen2013
1,GCAATCGTAATCTTATCGGC,CP000712.1,3296790,3296810,-,GGG,cymC,86,1.0,1.085494153094767,1.19243117857786
2,GTGCAGTCTGGGATAGAGCA,CP000712.1,3295774,3295794,-,GGG,cymC,182,1.0,1.1243474044886306,0.9863662841494178
3,TATACCCGACGTGAGCCGAT,CP000712.1,3296383,3296403,-,TGG,cymC,117,1.0,0.5428094140976202,0.9375269531077722
4,GCAAGCCGGAGAGTGCTCAG,CP000712.1,3296245,3296265,+,AGG,cymC,38,1.0,1.4173091183116406,0.9183821238813548
5,TATCTGGAGTCACTGGATAC,CP000712.1,3296539,3296559,-,CGG,cymC,105,1.0,0.3397017164183843,0.905403039577718
6,GGGCTCGTGGAAGATCGCTT,CP000712.1,3296318,3296338,-,CGG,cymC,123,1.0,0.6303758933927103,0.8505598458685849
7,CTTGAGGCGGGGCTGCCAGA,CP000712.1,3296215,3296235,-,AGG,cymC,132,1.0,0.6476575749558334,0.8282068396662221
8,GATGTCCCGCGTCCAAATAT,CP000712.1,3295554,3295574,+,TGG,cymC,7,1.0,0.04777960375800785,0.8273138848172463
9,TGCCTATACAGAGACTAAGA,CP000712.1,3295394,3295414,-,CGG,cymC,222,1.0,0.49707110894216167,0.8062196135590762
10,AGCGCAAGCGGGTAGTTCCA,CP000712.1,3296338,3296358,+,AGG,cymC,45,1.0,0.41690304816450924,0.7743588749678106
11,TGTGCAGTCTGGGATAGAGC,CP000712.1,3295775,3295795,-,AGG,cymC,181,1.0,0.7458273333408734,0.7644799937976083
12,GGAGTCACTGGATACCGGCA,CP000712.1,3296534,3296554,-,AGG,cymC,106,1.0,1.0854448638646905,0.7635972954769823
13,AATATGGGCGATGATTTCCT,CP000712.1,3296712,3296732,+,CGG,cymC,72,1.0,0.40733092996731474,0.7465114079065597
14,GTCTGTGGCGGGAAGTCAGT,CP000712.1,3295741,3295761,-,CGG,cymC,188,1.0,0.4908852332959334,0.7241913225795688
15,TGAAGCCGAGGCGATCCGGA,CP000712.1,3295607,3295627,-,TGG,cymC,195,1.0,0.9492316960997933,0.7225233077768424
16,GCTCACGTCGGGTATAGGTG,CP000712.1,3296387,3296407,+,TGG,cymC,51,1.0,1.1728932144023863,0.7020950610719671
17,AGGATCCGACCACGATCGAT,CP000712.1,3296605,3296625,+,CGG,cymC,65,1.0,0.17819483252790036,0.6992293387072048
18,TCGGTGTGGATCAACTGTCA,CP000712.1,3295495,3295515,-,CGG,cymC,209,1.0,0.656086747609614,0.6860272460639151
19,CTGGACGAACAGCCGACTGG,CP000712.1,3295929,3295949,+,CGG,cymC,27,1.0,1.173511189484834,0.6818476830319464
20,GCGGCGGCACAGTTCAAGGT,CP000712.1,3295870,3295890,-,CGG,cymC,167,1.0,0.7260496841461815,0.6616077224560544
21,GGTCGGCAATGGCTTGGATC,CP000712.1,3295853,3295873,-,CGG,cymC,170,1.0,0.45749773654560255,0.6362273895754788
22,GACTTGGTCCAGATCCGCGT,CP000712.1,3296004,3296024,+,CGG,cymC,29,1.0,0.7729829563248292,0.6323171497616707
23,AGATATCGACGAAGCGGTAC,CP000712.1,3296675,3296695,-,GGG,cymC,96,1.0,0.27039617536745153,0.6295267628880885
24,TACACCAATCGGCTCACGTC,CP000712.1,3296376,3296396,+,GGG,cymC,49,1.0,0.37149319686863386,0.6242936891353325
25,AATGGTCATGGGCACGAAGC,CP000712.1,3296176,3296196,-,GGG,cymC,137,1.0,0.4577818102120738,0.6213775712464019
26,AATCGGATGACACTGACTAC,CP000712.1,3295633,3295653,+,AGG,cymC,13,1.0,0.03231312979135547,0.6211668356766107
27,GTGTCGGCCCTGCGGAATAT,CP000712.1,3296697,3296717,+,GGG,cymC,71,1.0,-0.1619072420557045,0.6148259265848978
28,GGGACATCAAGAAGGCCCAC,CP000712.1,3295542,3295562,-,CGG,cymC,202,1.0,0.659834222090348,0.6096468567588813
29,GTGGAAGATCGCTTCGGCGC,CP000712.1,3296312,3296332,-,TGG,cymC,124,1.0,0.9884606452269928,0.6055158192563426
30,AACTACTGTCGAGCCTGTGA,CP000712.1,3296112,3296132,+,AGG,cymC,33,1.0,0.6760985183914398,0.6043153769871709
31,ATCATCGCCCATATTCCGCA,CP000712.1,3296707,3296727,-,GGG,cymC,93,1.0,0.7585868335008885,0.6012515004599649
32,TGGATCCGGACACTCTGTTG,CP000712.1,3295839,3295859,-,GGG,cymC,173,1.0,0.962154088968573,0.6003161032736313
33,TTGAGCGATCCGCATTGATG,CP000712.1,3295671,3295691,+,GGG,cymC,16,1.0,0.8768128053608695,0.5893064761869166
34,TCACGCCTCTGAGCACTCTC,CP000712.1,3296253,3296273,-,CGG,cymC,127,1.0,-0.04917565617953778,0.5561387785938342
35,CATTCGAGTCGCCAGCCTGG,CP000712.1,3296640,3296660,-,CGG,cymC,98,1.0,0.8478699702797573,0.5452442772291931
36,GTCCTGGACGAACAGCCGAC,CP000712.1,3295926,3295946,+,TGG,cymC,26,1.0,0.5615815577990269,0.5339553345603864
37,GGACATCAAGAAGGCCCACC,CP000712.1,3295541,3295561,-,GGG,cymC,203,1.0,0.4971819618892096,0.5271741400796537
38,AAGGTGATCTTGTCGACCCC,CP000712.1,3296131,3296151,+,CGG,cymC,34,1.0,0.6384320972722014,0.5163342559983221
39,AGATCTGTTTCGCCGCCAGT,CP000712.1,3295944,3295964,-,CGG,cymC,158,1.0,0.37153865868239855,0.5035324432007985
40,GCTGCGTCGGCAAAAACAGT,CP000712.1,3295693,3295713,+,GGG,cymC,19,1.0,0.5073633713768075,0.49907777606515163
41,GACGTCTTCCGCTATATGGG,CP000712.1,3296470,3296490,-,TGG,cymC,110,1.0,1.0658492932446195,0.4928306217378263
42,CCGACGCAGCCCCATCAATG,CP000712.1,3295683,3295703,-,CGG,cymC,190,1.0,0.8463739577924121,0.4866507341601497
43,TGCAGAGCTGTGCCTTGAGG,CP000712.1,3296228,3296248,-,CGG,cymC,129,1.0,0.7218402831481513,0.48254038335788946
44,GCACGAAGCGGGCGAAGCGT,CP000712.1,3296165,3296185,-,TGG,cymC,138,1.0,0.5113507249633483,0.46131800043065735
45,GTTGGTGTTCCAAACTTGGA,CP000712.1,3296448,3296468,-,GGG,cymC,114,1.0,0.540240567827722,0.46009650194905616
46,CAAGCGGTGCGCGACCCGGT,CP000712.1,3295524,3295544,+,GGG,cymC,6,1.0,0.3709546834816682,0.44558602192233904
47,CAGGGCGCAAGGCTGGTCTG,CP000712.1,3295756,3295776,-,TGG,cymC,185,1.0,0.6663884980930277,0.4366823000348918
48,CCCATCGAATGAAATTGGAG,CP000712.1,3296418,3296438,+,GGG,cymC,55,1.0,0.8454306239894537,0.42950877056367426
49,GGACAGCGTGTATGACCAAG,CP000712.1,3295910,3295930,-,TGG,cymC,160,1.0,1.1262341786950731,0.42848734845501496
50,TCTGGACCAAGTCGGTCTGG,CP000712.1,3295997,3296017,-,GGG,cymC,155,1.0,0.9408664335474858,0.4250709844447548
51,AAGCTGTGTCGTTGGCCATC,CP000712.1,3295589,3295609,+,CGG,cymC,10,1.0,-0.37605907765851443,0.42261276186790947
52,GATTGTCGAAGGCAGGTCGA,CP000712.1,3296490,3296510,+,TGG,cymC,60,1.0,0.41932039577296065,0.41443241593697844
53,CCAAGTGGTCGAAGCTGTGG,CP000712.1,3295895,3295915,-,CGG,cymC,162,1.0,0.9391914585779029,0.4110095681274876
54,GAAGATTGTCGAGTACGCGC,CP000712.1,3296087,3296107,-,TGG,cymC,145,1.0,0.6265663950633318,0.4101085860360433
55,GTGCAGCCCCCAGACCGACT,CP000712.1,3295988,3296008,+,TGG,cymC,28,1.0,0.015903913844339417,0.40102354498259923
56,TCCACGAGCCCAGCGCAAGC,CP000712.1,3296327,3296347,+,GGG,cymC,44,1.0,0.3221306510620619,0.3956871010869274
57,CAACGACACAGCTTATGGCT,CP000712.1,3295583,3295603,-,TGG,cymC,197,1.0,0.2333776288086645,0.39323589582817675
58,AACACCAACCACCCATATAG,CP000712.1,3296459,3296479,+,CGG,cymC,57,1.0,0.3529133833566157,0.39321354265644887
59,ATGGCTTGGCCGCCAATATT,CP000712.1,3295569,3295589,-,TGG,cymC,198,1.0,-0.9430348118578037,0.3911079757899657
60,TTGGACGCGGGACATCAAGA,CP000712.1,3295550,3295570,-,AGG,cymC,201,1.0,0.40682201187678374,0.3463786955774485
61,AGCGTTGGCGCGTCATCCGG,CP000712.1,3296150,3296170,-,GGG,cymC,142,1.0,0.8940026558615146,0.3445918605965244
62,GCACAGTTCAAGGTCGGCAA,CP000712.1,3295864,3295884,-,TGG,cymC,168,1.0,0.5999607772286499,0.3302514368559367
63,CCTGCAAGCGGTGCGCGACC,CP000712.1,3295520,3295540,+,CGG,cymC,4,1.0,0.33188976637690865,0.31882661647840077
64,GACCGTCTTAGTCTCTGTAT,CP000712.1,3295389,3295409,+,AGG,cymC,0,1.0,-0.23662519511524888,0.31233399802876227
65,TGACCAAGTGGTCGAAGCTG,CP000712.1,3295898,3295918,-,TGG,cymC,161,1.0,0.9232316317707611,0.31207023908052567
66,GATTCAAGCAGTCAGGCTGG,CP000712.1,3295443,3295463,-,GGG,cymC,216,1.0,0.7764061127849684,0.3038221661130254
67,ATATCTTCGTGTCGGCCCTG,CP000712.1,3296689,3296709,+,CGG,cymC,69,1.0,0.8069037751264264,0.26121351972793827
68,AAGATATCGACGAAGCGGTA,CP000712.1,3296676,3296696,-,CGG,cymC,95,1.0,0.04337111184492621,0.25763184457806954
69,AGGATTCAAGCAGTCAGGCT,CP000712.1,3295445,3295465,-,GGG,cymC,214,1.0,0.26344191659354516,0.23857234508016348
70,AATCGGCTCACGTCGGGTAT,CP000712.1,3296382,3296402,+,AGG,cymC,50,1.0,-0.30561863858565874,0.23826133571034058
71,GGCGCGAGGTCTCGGAGGAA,CP000712.1,3295422,3295442,-,GGG,cymC,221,1.0,0.2793983824766563,0.23823716512521656
72,TTCTGTGGGCTTCAGCACCA,CP000712.1,3296274,3296294,+,TGG,cymC,41,1.0,0.4231708081131325,0.2288796144931965
73,GATGGCCTTGGCGAACGTCA,CP000712.1,3296508,3296528,+,AGG,cymC,62,1.0,0.3060155260850498,0.22677723433881739
74,ACACGAAGATATCGACGAAG,CP000712.1,3296681,3296701,-,CGG,cymC,94,1.0,0.7411205479759264,0.21994802588082724
75,GTCTCGCAAACAGCAAGAGC,CP000712.1,3295808,3295828,-,GGG,cymC,176,1.0,0.3425809495700407,0.21483735159888862
76,GCCCATCGAATGAAATTGGA,CP000712.1,3296417,3296437,+,GGG,cymC,54,1.0,0.3799500083309446,0.18744182940913862
77,AAACAGCAAGAGCGGGTGAT,CP000712.1,3295801,3295821,-,GGG,cymC,178,1.0,-0.3893284698906549,0.1754865786299032
78,GATCTGGACCAAGTCGGTCT,CP000712.1,3295999,3296019,-,GGG,cymC,153,1.0,0.14286156382496007,0.17259611887848028
79,AAGATTGTCGAGTACGCGCT,CP000712.1,3296086,3296106,-,GGG,cymC,146,1.0,0.3522577049062436,0.1694730332463934
80,GATCCAGCTGCACCATTTGG,CP000712.1,3295465,3295485,-,AGG,cymC,211,1.0,0.22332524765426032,0.15669411689404597
81,GTCCCGCGTCCAAATATTGG,CP000712.1,3295557,3295577,+,CGG,cymC,8,1.0,0.597024428475271,0.15557514108610196
82,ATTGGCGTATCTGGAGTCAC,CP000712.1,3296546,3296566,-,TGG,cymC,104,1.0,0.07274236778713634,0.15369359842457184
83,ACTCGCAGTCTTCTTCAACT,CP000712.1,3295970,3295990,-,CGG,cymC,156,1.0,-0.21100675166326702,0.1530260919644661
84,CAATGGTCATGGGCACGAAG,CP000712.1,3296177,3296197,-,CGG,cymC,136,1.0,0.4922008615282729,0.14979502273562373
85,TGATGGGCTATGTGCAGTCT,CP000712.1,3295785,3295805,-,GGG,cymC,180,1.0,-0.03953563571100114,0.14734821804931977
86,GCTCAGAGGCGTGAGTTCTG,CP000712.1,3296259,3296279,+,TGG,cymC,39,1.0,0.3577865248988644,0.14079784544315663
87,ATCGACGTCTTCCGCTATAT,CP000712.1,3296473,3296493,-,GGG,cymC,109,1.0,-1.1215085182972162,0.1393589455115499
88,ACGATGTTGAGCGCGCCTTC,CP000712.1,3296197,3296217,+,TGG,cymC,35,1.0,-0.6067578836079331,0.13440723696315363
89,CTGGGGGCGCGAGGTCTCGG,CP000712.1,3295427,3295447,-,AGG,cymC,219,1.0,0.5834950942442825,0.13222280065774406
90,GAGGATTCAAGCAGTCAGGC,CP000712.1,3295446,3295466,-,TGG,cymC,213,1.0,0.11014089678998677,0.1316024955081402
91,CTTATCGGCGGGCAGTGGAA,CP000712.1,3296779,3296799,-,GGG,cymC,89,1.0,-0.03884479352536792,0.13105958348529292
92,TGGAACTACCCGCTTGCGCT,CP000712.1,3296338,3296358,-,GGG,cymC,121,1.0,0.5267533105621844,0.12935170725646217
93,AACGGCCCCAACAGAGTGTC,CP000712.1,3295831,3295851,+,CGG,cymC,23,1.0,-0.1839743165671042,0.12509806809204277
94,CGTGAGCCGATTGGTGTAGT,CP000712.1,3296374,3296394,-,TGG,cymC,118,1.0,0.08177354259512629,0.12077578620395267
95,GGCGAACGTCAAGGCCTTGC,CP000712.1,3296517,3296537,+,CGG,cymC,63,1.0,-0.33658745431442855,0.11649297356092184
96,CTACACCAATCGGCTCACGT,CP000712.1,3296375,3296395,+,CGG,cymC,48,1.0,0.19309161357398202,0.10020121228456844
97,GGATTCAAGCAGTCAGGCTG,CP000712.1,3295444,3295464,-,GGG,cymC,215,1.0,0.7159807551313113,0.09175089797713215
98,TTCGTCCGATCGATCGTGGT,CP000712.1,3296613,3296633,-,CGG,cymC,100,1.0,0.3470503602688783,0.08769587977191254
99,CGGAAGACGTCGATTGTCGA,CP000712.1,3296479,3296499,+,AGG,cymC,58,1.0,0.4505529540424563,0.0836401577236935
100,CTTGGATCCGGACACTCTGT,CP000712.1,3295841,3295861,-,TGG,cymC,171,1.0,0.05384690055658579,0.07894570117327566
101,GTCGACAAGATCACCTTCAC,CP000712.1,3296128,3296148,-,AGG,cymC,143,1.0,-0.3155123952578205,0.07802409578551836
102,TCAACATCGTCAATGGTCAT,CP000712.1,3296187,3296207,-,GGG,cymC,135,1.0,-0.04911416398333042,0.07588421865235326
103,GCAAGCGGTGCGCGACCCGG,CP000712.1,3295523,3295543,+,TGG,cymC,5,1.0,0.7632707343161245,0.06663608844314686
104,GGCGCAAGGCTGGTCTGTGG,CP000712.1,3295753,3295773,-,CGG,cymC,186,1.0,0.40489733863664606,0.05578716324677855
105,GTTCAAGGTCGGCAATGGCT,CP000712.1,3295859,3295879,-,TGG,cymC,169,1.0,-0.051468238037423945,0.055024716392179075
106,ACACCGAACCCGCCTGCAAG,CP000712.1,3295508,3295528,+,CGG,cymC,3,1.0,0.7621479197980882,0.04859736043697107
107,TAGTTGGTGCCATTACGCCT,CP000712.1,3296358,3296378,-,TGG,cymC,119,1.0,-0.10083811287153348,0.04159673139773101
108,GATCGATCGTGGTCGGATCC,CP000712.1,3296606,3296626,-,TGG,cymC,101,1.0,-0.008266179235515576,0.02750091671465281
109,CAAACAGCAAGAGCGGGTGA,CP000712.1,3295802,3295822,-,TGG,cymC,177,1.0,0.2004923783647823,0.012823312778573553
110,GCTTGCAGGCGGGTTCGGTG,CP000712.1,3295509,3295529,-,TGG,cymC,208,1.0,0.5157324473196292,0.011182344964568458
111,TGTCTCGCAAACAGCAAGAG,CP000712.1,3295809,3295829,-,CGG,cymC,175,1.0,0.3351493172000764,0.008859038304245465
112,TTCGACAGTAATGGTCTCGC,CP000712.1,3296745,3296765,+,CGG,cymC,76,1.0,-0.05283534419007261,0.007929038781777762
113,GCAGAGCTGTGCCTTGAGGC,CP000712.1,3296227,3296247,-,GGG,cymC,130,1.0,0.25321910548588444,0.004930025189235668
114,GGGAAGTCAGTCGGAGAGAA,CP000712.1,3295732,3295752,-,AGG,cymC,189,1.0,0.16965655303214383,-0.004855239173703068
115,AGGGGTCGTCCCTCCAAGTT,CP000712.1,3296436,3296456,+,TGG,cymC,56,1.0,-0.5583752540059382,-0.009178353050392805
116,ATCGATCCAGCTGCACCATT,CP000712.1,3295468,3295488,-,TGG,cymC,210,1.0,-1.007648932021685,-0.012792921484477828
117,GGCGATGATTTCCTCGGTAG,CP000712.1,3296718,3296738,+,CGG,cymC,73,1.0,0.3814072406351956,-0.014639755268403443
118,CAGAGCTGTGCCTTGAGGCG,CP000712.1,3296226,3296246,-,GGG,cymC,131,1.0,0.6037638364952117,-0.018383706239887262
119,ATGGCACCAACTACACCAAT,CP000712.1,3296365,3296385,+,CGG,cymC,47,1.0,-0.7191814917787672,-0.02028226627873447
120,CAAGGCCTTGACGTTCGCCA,CP000712.1,3296516,3296536,-,AGG,cymC,107,1.0,0.16237033636703388,-0.021079496238884516
121,CGTGTCACCCTTGAGCTTGG,CP000712.1,3296053,3296073,-,CGG,cymC,148,1.0,0.14823089514002877,-0.030612426903538253
122,CAAGCCATAAGCTGTGTCGT,CP000712.1,3295581,3295601,+,TGG,cymC,9,1.0,-0.04410668618943816,-0.04055092346300048
123,GATAGAGCAGGGCGCAAGGC,CP000712.1,3295763,3295783,-,TGG,cymC,184,1.0,-0.12884852702957925,-0.04171202502346952
124,GGTTGGTGTTCCAAACTTGG,CP000712.1,3296449,3296469,-,AGG,cymC,113,1.0,0.23822111695688233,-0.04785950417375894
125,GTGATGGGCTATGTGCAGTC,CP000712.1,3295786,3295806,-,TGG,cymC,179,1.0,-0.26720236272480946,-0.0499532421572986
126,CTTGAGCGATCCGCATTGAT,CP000712.1,3295670,3295690,+,GGG,cymC,15,1.0,-0.5110894316487524,-0.053728100826613105
127,AGTGGTCGAAGCTGTGGCGG,CP000712.1,3295892,3295912,-,CGG,cymC,163,1.0,0.6687235398296631,-0.060892957780083815
128,CTTGGTCATACACGCTGTCC,CP000712.1,3295910,3295930,+,TGG,cymC,25,1.0,-0.16272182885188252,-0.06475211653587189
129,TCTTCCGCTATATGGGTGGT,CP000712.1,3296466,3296486,-,TGG,cymC,111,1.0,0.25026829277004603,-0.06719032673543826
130,CTGGGATAGAGCAGGGCGCA,CP000712.1,3295767,3295787,-,AGG,cymC,183,1.0,0.1818111739293196,-0.07379021741026953
131,GGCGCGCTCAACATCGTCAA,CP000712.1,3296194,3296214,-,TGG,cymC,133,1.0,0.3015046150860382,-0.07777635794474598
132,TTGGAACTACCCGCTTGCGC,CP000712.1,3296339,3296359,-,TGG,cymC,120,1.0,0.04592445476502892,-0.08402207390105842
133,TTACGATTGCGGAACCCGGC,CP000712.1,3296800,3296820,+,CGG,cymC,79,1.0,0.06766618580259126,-0.09593434263742857
134,GCTTGCAGAGCTGTGCCTTG,CP000712.1,3296231,3296251,-,AGG,cymC,128,1.0,0.2334616010836697,-0.09971183818704087
135,AGACGTCGATTGTCGAAGGC,CP000712.1,3296483,3296503,+,AGG,cymC,59,1.0,-0.06823005130418597,-0.1012515202893263
136,CAGTGGAAGGGCTCGATTTC,CP000712.1,3296767,3296787,-,CGG,cymC,90,1.0,-1.27139720321126,-0.10290742512991927
137,AAGCGTGTCACCCTTGAGCT,CP000712.1,3296056,3296076,-,TGG,cymC,147,1.0,0.1557386402519965,-0.10506401422054348
138,CCGCATTGATGGGGCTGCGT,CP000712.1,3295680,3295700,+,CGG,cymC,17,1.0,-0.055259190875561505,-0.1079551072990193
139,CGTCGGCAAAAACAGTGGGC,CP000712.1,3295697,3295717,+,TGG,cymC,20,1.0,0.03010487332744577,-0.10975065806208789
140,GGTCGCGCACCGCTTGCAGG,CP000712.1,3295520,3295540,-,CGG,cymC,205,1.0,0.6889403205212554,-0.12354216400815222
141,CTTCTGGCAGCCCCGCCTCA,CP000712.1,3296213,3296233,+,AGG,cymC,36,1.0,-0.24595394956825728,-0.13072389690025504
142,AATCGACGTCTTCCGCTATA,CP000712.1,3296474,3296494,-,TGG,cymC,108,1.0,-1.0961520620383334,-0.13402076332450175
143,TGAAGAGCATGCTGACGAAT,CP000712.1,3296564,3296584,-,TGG,cymC,102,1.0,-0.5014458139469464,-0.1412139130099738
144,TTGGATCCGGACACTCTGTT,CP000712.1,3295840,3295860,-,GGG,cymC,172,1.0,-0.4539019440085767,-0.14593517260879418
145,GACTGCTTGAATCCTCCAAA,CP000712.1,3295450,3295470,+,TGG,cymC,1,1.0,-0.49924776852687275,-0.1473463528153604
146,GGACACTCTGTTGGGGCCGT,CP000712.1,3295832,3295852,-,TGG,cymC,174,1.0,0.2818210501105561,-0.1533585733516901
147,ATGGCCAACGACACAGCTTA,CP000712.1,3295588,3295608,-,TGG,cymC,196,1.0,-0.8014920794660796,-0.16290770546001831
148,TCTTATCGGCGGGCAGTGGA,CP000712.1,3296780,3296800,-,AGG,cymC,88,1.0,0.12328847819025048,-0.16716391061250324
149,GGTGGTTGGTGTTCCAAACT,CP000712.1,3296452,3296472,-,TGG,cymC,112,1.0,-0.4684875018814022,-0.17403572525443317
150,AAGCGTTGGCGCGTCATCCG,CP000712.1,3296151,3296171,-,GGG,cymC,141,1.0,0.3754100592267984,-0.17414322428003245
151,TGCTGTTTGCGAGACACCAA,CP000712.1,3295813,3295833,+,CGG,cymC,22,1.0,-0.03210125893794042,-0.19860987864873483
152,ATCTGGACCAAGTCGGTCTG,CP000712.1,3295998,3296018,-,GGG,cymC,154,1.0,0.10603033590741802,-0.21005602115125335
153,TTCCACGAGCCCAGCGCAAG,CP000712.1,3296326,3296346,+,CGG,cymC,43,1.0,0.10560605640958785,-0.2192296496625635
154,TTCACAGGCTCGACAGTAGT,CP000712.1,3296113,3296133,-,TGG,cymC,144,1.0,-0.43605114770921666,-0.22297031842371806
155,GTAATCTTATCGGCGGGCAG,CP000712.1,3296784,3296804,-,TGG,cymC,87,1.0,0.04101628506798004,-0.22723567526844687
156,TCTTGCGTGCGACGTTCTCC,CP000712.1,3296585,3296605,+,AGG,cymC,64,1.0,-0.10058383130032963,-0.2346774357641237
157,AAATTCAATGTGGATCCGGC,CP000712.1,3296818,3296838,-,CGG,cymC,82,1.0,-0.12232756181600561,-0.23522232252861972
158,CGTGTCGGCCCTGCGGAATA,CP000712.1,3296696,3296716,+,TGG,cymC,70,1.0,-0.5366679783449265,-0.24145800139594278
159,AATCATCGCCCATATTCCGC,CP000712.1,3296708,3296728,-,AGG,cymC,92,1.0,-0.21263535077882553,-0.24826180343919924
160,AAAATTCGTCCGATCGATCG,CP000712.1,3296617,3296637,-,TGG,cymC,99,1.0,0.37533445226680484,-0.2514999280494366
161,GGCTGCGTCGGCAAAAACAG,CP000712.1,3295692,3295712,+,TGG,cymC,18,1.0,0.47973180656342646,-0.2546676668534556
162,CAAGGCACAGCTCTGCAAGC,CP000712.1,3296231,3296251,+,CGG,cymC,37,1.0,-0.4024063679054661,-0.26319439908135384
163,GCGCAAGGCTGGTCTGTGGC,CP000712.1,3295752,3295772,-,GGG,cymC,187,1.0,0.18545667895778428,-0.26502439443989195
164,TCTTGAGCGATCCGCATTGA,CP000712.1,3295669,3295689,+,TGG,cymC,14,1.0,-0.554966420926196,-0.27811338776664063
165,CGCAATCGTAATCTTATCGG,CP000712.1,3296791,3296811,-,CGG,cymC,85,1.0,0.25723226412132777,-0.28355504855215713
166,TTTGGAGGATTCAAGCAGTC,CP000712.1,3295450,3295470,-,AGG,cymC,212,1.0,-0.41347530244806985,-0.29139027759850417
167,CTCAGAGGCGTGAGTTCTGT,CP000712.1,3296260,3296280,+,GGG,cymC,40,1.0,-0.4040614843206681,-0.33250337580980355
168,CTCGCAGTCTTCTTCAACTC,CP000712.1,3295969,3295989,-,GGG,cymC,157,1.0,-0.5708279409490326,-0.3574535433747795
169,AATTCAATGTGGATCCGGCC,CP000712.1,3296817,3296837,-,GGG,cymC,83,1.0,-0.25967217620522387,-0.3593520182498641
170,GGCGGCGGCGGCACAGTTCA,CP000712.1,3295874,3295894,-,AGG,cymC,166,1.0,-0.4087267986770718,-0.3604925714327416
171,CCGATTTAAAGATGAAGCCG,CP000712.1,3295619,3295639,-,AGG,cymC,193,1.0,0.4643584974566392,-0.3627392067119168
172,GGCCGCCAATATTTGGACGC,CP000712.1,3295562,3295582,-,GGG,cymC,200,1.0,0.0764412178629896,-0.4090337571077804
173,GGATCTGGACCAAGTCGGTC,CP000712.1,3296000,3296020,-,TGG,cymC,152,1.0,-0.40221191258542305,-0.4232501335373396
174,TGCTGACGAATTGGCGTATC,CP000712.1,3296555,3296575,-,TGG,cymC,103,1.0,-1.2434793337385228,-0.42431504346902277
175,GCACCGCTTGCAGGCGGGTT,CP000712.1,3295514,3295534,-,CGG,cymC,207,1.0,-0.5952719717401701,-0.4447422268928417
176,CGCCCATCGAATGAAATTGG,CP000712.1,3296416,3296436,+,AGG,cymC,53,1.0,-0.16218248952483602,-0.44476437826069126
177,GTTGGCCATCCGGATCGCCT,CP000712.1,3295599,3295619,+,CGG,cymC,11,1.0,-0.3626454983659558,-0.44621424765344186
178,GAAGCGTTGGCGCGTCATCC,CP000712.1,3296152,3296172,-,GGG,cymC,140,1.0,-0.714348393497545,-0.45886180768659596
179,CGCCGATAAGATTACGATTG,CP000712.1,3296789,3296809,+,CGG,cymC,77,1.0,-0.15637092180367687,-0.46287199465421247
180,GAGCATCGTATTTGCCGACG,CP000712.1,3296021,3296041,-,CGG,cymC,149,1.0,0.1724272010672645,-0.47946450077101466
181,TGTCGAAAATCCCGCTACCG,CP000712.1,3296732,3296752,-,AGG,cymC,91,1.0,0.3542291876552453,-0.5141833902083394
182,CGCCAGTCGGCTGTTCGTCC,CP000712.1,3295931,3295951,-,AGG,cymC,159,1.0,-0.4693576577970939,-0.5184126189248301
183,GCAGTCAGGCTGGGGGCGCG,CP000712.1,3295436,3295456,-,AGG,cymC,217,1.0,0.09116599571501809,-0.5230877191823278
184,CCCCTCCAATTTCATTCGAT,CP000712.1,3296421,3296441,-,GGG,cymC,116,1.0,-0.8577006159093518,-0.5547398607266039
185,ACCCCTCCAATTTCATTCGA,CP000712.1,3296422,3296442,-,TGG,cymC,115,1.0,-0.6487960267994088,-0.5562438548646318
186,TGGCCGCCAATATTTGGACG,CP000712.1,3295563,3295583,-,CGG,cymC,199,1.0,0.3279850274560642,-0.5601948007308308
187,TCACGCCCATCGAATGAAAT,CP000712.1,3296413,3296433,+,TGG,cymC,52,1.0,-0.9573840459134059,-0.6054075865438623
188,CGAAGGCAGGTCGATGGCCT,CP000712.1,3296496,3296516,+,TGG,cymC,61,1.0,-0.4905301259788284,-0.6315668248491593
189,GATCGGACGAATTTTCCGCC,CP000712.1,3296622,3296642,+,AGG,cymC,66,1.0,-0.39014389649377923,-0.6337379766948442
190,CTCGAAATTCAATGTGGATC,CP000712.1,3296822,3296842,-,CGG,cymC,81,1.0,-0.7526384254141587,-0.6659990081581482
191,CCTCGGCTTCATCTTTAAAT,CP000712.1,3295616,3295636,+,CGG,cymC,12,1.0,-1.0860836363538895,-0.6798172587652149
192,CGCTAGCTCGAAATTCAATG,CP000712.1,3296828,3296848,-,TGG,cymC,80,1.0,-0.22934222036753768,-0.6901525631031681
193,TTCCGCAATCGTAATCTTAT,CP000712.1,3296794,3296814,-,CGG,cymC,84,1.0,-1.7714748598935388,-0.7016841176539521
194,GCGATGATTTCCTCGGTAGC,CP000712.1,3296719,3296739,+,GGG,cymC,74,1.0,-0.8562336867591439,-0.7148209339257703
195,CCGGGTCGCGCACCGCTTGC,CP000712.1,3295523,3295543,-,AGG,cymC,204,1.0,-0.8346018805034696,-0.7262110350744051
196,AGCGGGATTTTCGACAGTAA,CP000712.1,3296736,3296756,+,TGG,cymC,75,1.0,-0.8859604552157506,-0.7334485317363496
197,CCGCCACAGCTTCGACCACT,CP000712.1,3295892,3295912,+,TGG,cymC,24,1.0,-1.1401233193511122,-0.7945673532596422
198,CGAAGCGTTGGCGCGTCATC,CP000712.1,3296153,3296173,-,CGG,cymC,139,1.0,-1.2418394063571998,-0.8379050443834719
199,ATCGCTCAAGAAGAGATTTT,CP000712.1,3295660,3295680,-,CGG,cymC,191,1.0,-1.7437144176703048,-0.8437837668937203
200,GGGCGCGAGGTCTCGGAGGA,CP000712.1,3295423,3295443,-,AGG,cymC,220,1.0,-0.5552770129040193,-0.8502382296705783
201,AGGCTGGGGGCGCGAGGTCT,CP000712.1,3295430,3295450,-,CGG,cymC,218,1.0,-1.121522996690134,-0.8727257851348466
202,ACCCGCTTGCGCTGGGCTCG,CP000712.1,3296331,3296351,-,TGG,cymC,122,1.0,-0.06839261685259607,-0.9254125737221139
203,AATCCTCCAAATGGTGCAGC,CP000712.1,3295459,3295479,+,TGG,cymC,2,1.0,-0.7129814504532266,-0.926778214138989
204,CGGCAAAAACAGTGGGCTGG,CP000712.1,3295700,3295720,+,AGG,cymC,21,1.0,-0.40114913813519654,-0.950885802559646
205,CTACATTCGAGTCGCCAGCC,CP000712.1,3296643,3296663,-,TGG,cymC,97,1.0,-0.9791128193819242,-1.0338862794905803
206,TCGCTCAAGAAGAGATTTTC,CP000712.1,3295659,3295679,-,GGG,cymC,192,1.0,-2.057053449615684,-1.0462463613782351
207,GGACGAATTTTCCGCCAGGC,CP000712.1,3296626,3296646,+,TGG,cymC,67,1.0,-1.0616487639415677,-1.2119776853291644
208,CTCAACATCGTCAATGGTCA,CP000712.1,3296188,3296208,-,TGG,cymC,134,1.0,-0.9474865295009939,-1.273548673766467
209,GACGCGGATCTGGACCAAGT,CP000712.1,3296005,3296025,-,CGG,cymC,151,0.98942,0.6559073246483138,0.857034479322629
210,CGATTTGCCGCCAAGCTCAA,CP000712.1,3296043,3296063,+,GGG,cymC,32,0.986775,-0.5596008644840187,-0.37361911465531056
211,GCGATTTGCCGCCAAGCTCA,CP000712.1,3296042,3296062,+,AGG,cymC,31,0.977778,-0.17351448423531124,-0.3382864063648856
212,CGGGTAGTTCCAAGGCGTAA,CP000712.1,3296346,3296366,+,TGG,cymC,46,0.967273,-0.3028364941565864,-0.06806532030503037
213,GTCGCGCACCGCTTGCAGGC,CP000712.1,3295519,3295539,-,GGG,cymC,206,0.869565,-0.03343076325683482,-0.20872135692487004
214,GCGTCGGCAAATACGATGCT,CP000712.1,3296020,3296040,+,CGG,cymC,30,0.852459,0.060218977914641376,-0.043782087766919726
215,AAGATGAAGCCGAGGCGATC,CP000712.1,3295611,3295631,-,CGG,cymC,194,0.846373,0.17109129985546853,0.7363262714633908
216,GGTCGAAGCTGTGGCGGCGG,CP000712.1,3295889,3295909,-,CGG,cymC,164,0.845411,0.45491472982992526,-0.47529751452110414
217,CTTCGTCGATATCTTCGTGT,CP000712.1,3296681,3296701,+,CGG,cymC,68,0.813954,-0.04096910798896223,-0.09978785447073975
218,AAGATTACGATTGCGGAACC,CP000712.1,3296796,3296816,+,CGG,cymC,78,0.785714,0.04423776728830952,0.06378417588065761
219,CGTATTTGCCGACGCGGATC,CP000712.1,3296015,3296035,-,TGG,cymC,150,0.690608,-0.8310822933327225,-0.6555340568852353
220,GCTGGCTGCCGGCTGCACCA,CP000712.1,3296294,3296314,-,TGG,cymC,126,0.683908,0.6090661009518618,0.4871772402579039
221,CTTCAGCACCATGGTGCAGC,CP000712.1,3296283,3296303,+,CGG,cymC,42,0.678571,-0.32570751055050934,-0.4506295256031826
222,CGAAGCTGTGGCGGCGGCGG,CP000712.1,3295886,3295906,-,CGG,cymC,165,0.592593,-0.005164786964278176,-0.7188030568475844
223,ATCGCTTCGGCGCTGGCTGC,CP000712.1,3296305,3296325,-,CGG,cymC,125,0.588849,-0.5115204744864927,-0.7112800031808713
